-- 리뷰/예약/접수 더미 데이터 (병원 ID 1번 대상, 테스트 환자 10명)
-- 실행 순서: account → patient → doctor → reservation(150) → checkin(200) → review(100)

-- 1. 환자용 계정 10개 생성
INSERT INTO account (email, password, role, del_yn, created_time, updated_time) VALUES
('reviewpatient1@test.com', '{noop}test1234', 'PATIENT', 'N', NOW(), NOW()),
('reviewpatient2@test.com', '{noop}test1234', 'PATIENT', 'N', NOW(), NOW()),
('reviewpatient3@test.com', '{noop}test1234', 'PATIENT', 'N', NOW(), NOW()),
('reviewpatient4@test.com', '{noop}test1234', 'PATIENT', 'N', NOW(), NOW()),
('reviewpatient5@test.com', '{noop}test1234', 'PATIENT', 'N', NOW(), NOW()),
('reviewpatient6@test.com', '{noop}test1234', 'PATIENT', 'N', NOW(), NOW()),
('reviewpatient7@test.com', '{noop}test1234', 'PATIENT', 'N', NOW(), NOW()),
('reviewpatient8@test.com', '{noop}test1234', 'PATIENT', 'N', NOW(), NOW()),
('reviewpatient9@test.com', '{noop}test1234', 'PATIENT', 'N', NOW(), NOW()),
('reviewpatient10@test.com', '{noop}test1234', 'PATIENT', 'N', NOW(), NOW());

SET @first_account_id = LAST_INSERT_ID();

-- 2. 환자 10명 생성 (account_id 연결)
INSERT INTO patient (name, email, phone, account_id) VALUES
('김민수', 'reviewpatient1@test.com', '010-1111-0001', @first_account_id),
('이서연', 'reviewpatient2@test.com', '010-1111-0002', @first_account_id + 1),
('박준호', 'reviewpatient3@test.com', '010-1111-0003', @first_account_id + 2),
('최유진', 'reviewpatient4@test.com', '010-1111-0004', @first_account_id + 3),
('정하늘', 'reviewpatient5@test.com', '010-1111-0005', @first_account_id + 4),
('강도윤', 'reviewpatient6@test.com', '010-1111-0006', @first_account_id + 5),
('윤소희', 'reviewpatient7@test.com', '010-1111-0007', @first_account_id + 6),
('장현우', 'reviewpatient8@test.com', '010-1111-0008', @first_account_id + 7),
('한예린', 'reviewpatient9@test.com', '010-1111-0009', @first_account_id + 8),
('오승민', 'reviewpatient10@test.com', '010-1111-0010', @first_account_id + 9);

SET @p = LAST_INSERT_ID();

-- 3. 의사 1명 추가 (병원 1번, 기존 의사 ID 1,2에 추가)
INSERT INTO doctor (name, department_id, image_url, university, career, hospital_id) VALUES
('이준혁', 8, NULL, '연세대학교 의과대학', '전) 서울대병원 전공의 수료', 1);
SET @doc3 = LAST_INSERT_ID();

-- 3-1. 이준혁 의사 스케줄 추가 (병원1 다른 의사와 동일)
INSERT INTO doctor_schedule (doctor_id, day_of_week, work_start_time, work_end_time, lunch_start_time, lunch_end_time, consultation_interval, is_day_off) VALUES
(@doc3, 'MONDAY', '09:00:00', '18:00:00', '12:00:00', '13:00:00', 30, FALSE),
(@doc3, 'TUESDAY', '09:00:00', '18:00:00', '12:00:00', '13:00:00', 30, FALSE),
(@doc3, 'WEDNESDAY', '09:00:00', '18:00:00', '12:00:00', '13:00:00', 30, FALSE),
(@doc3, 'THURSDAY', '09:00:00', '18:00:00', '12:00:00', '13:00:00', 30, FALSE),
(@doc3, 'FRIDAY', '09:00:00', '18:00:00', '12:00:00', '13:00:00', 30, FALSE),
(@doc3, 'SATURDAY', '09:00:00', '13:00:00', NULL, NULL, 30, FALSE),
(@doc3, 'SUNDAY', NULL, NULL, NULL, NULL, 30, TRUE);

-- =============================================================
-- 4. 예약 50건 (2025-12 ~ 2026-03-14, 모두 진료완료)
--    의사별: 1번=25건, 2번=15건, 3번(@doc3)=10건
-- =============================================================
INSERT INTO reservation (patient_id, doctor_id, hospital_id, reservation_date, reservation_time, symptoms, status) VALUES
-- ── 2025년 12월 (12건) ──
(@p,     1, 1, '2025-12-01', '09:00:00', '두통이 심합니다', 'COMPLETED'),
(@p + 1, 2, 1, '2025-12-02', '10:00:00', '감기 증상이 있어요', 'COMPLETED'),
(@p + 2, 1, 1, '2025-12-03', '09:30:00', '피부 발진', 'COMPLETED'),
(@p + 3, 1, 1, '2025-12-05', '14:00:00', '허리가 아파요', 'COMPLETED'),
(@p + 4, 2, 1, '2025-12-08', '11:00:00', '정기 검진', 'COMPLETED'),
(@p + 5, 1, 1, '2025-12-09', '10:00:00', '어지러움 증상', 'COMPLETED'),
(@p + 6, 1, 1, '2025-12-12', '09:00:00', '기침이 멈추지 않아요', 'COMPLETED'),
(@p + 7, 2, 1, '2025-12-15', '14:30:00', '복통', 'COMPLETED'),
(@p + 8, @doc3, 1, '2025-12-17', '10:30:00', '근육통', 'COMPLETED'),
(@p + 9, 1, 1, '2025-12-19', '09:00:00', '알레르기 반응', 'COMPLETED'),
(@p,     1, 1, '2025-12-22', '11:00:00', '두통', 'COMPLETED'),
(@p + 1, @doc3, 1, '2025-12-26', '10:00:00', '감기', 'COMPLETED'),
-- ── 2026년 1월 (16건) ──
(@p + 2, 1, 1, '2026-01-02', '09:30:00', '소화불량', 'COMPLETED'),
(@p + 3, 2, 1, '2026-01-02', '14:00:00', '관절 통증', 'COMPLETED'),
(@p + 4, 1, 1, '2026-01-05', '10:00:00', '코막힘', 'COMPLETED'),
(@p + 5, 1, 1, '2026-01-06', '09:00:00', '두통', 'COMPLETED'),
(@p + 6, 2, 1, '2026-01-07', '14:00:00', '허리 통증', 'COMPLETED'),
(@p + 7, @doc3, 1, '2026-01-09', '10:30:00', '피부 가려움', 'COMPLETED'),
(@p + 8, 1, 1, '2026-01-12', '09:30:00', '기침', 'COMPLETED'),
(@p + 9, 2, 1, '2026-01-12', '11:00:00', '감기 증상', 'COMPLETED'),
(@p,     1, 1, '2026-01-14', '15:00:00', '어지러움', 'COMPLETED'),
(@p + 1, 1, 1, '2026-01-16', '10:00:00', '복통', 'COMPLETED'),
(@p + 2, 2, 1, '2026-01-19', '09:00:00', '근육통', 'COMPLETED'),
(@p + 3, @doc3, 1, '2026-01-21', '14:00:00', '알레르기', 'COMPLETED'),
(@p + 4, 1, 1, '2026-01-23', '10:30:00', '정기 검진', 'COMPLETED'),
(@p + 5, 2, 1, '2026-01-24', '09:30:00', '소화불량', 'COMPLETED'),
(@p + 6, @doc3, 1, '2026-01-27', '11:00:00', '두통', 'COMPLETED'),
(@p + 7, 1, 1, '2026-01-30', '10:00:00', '관절 통증', 'COMPLETED'),
-- ── 2026년 2월 (13건) ──
(@p + 8, 2, 1, '2026-02-02', '09:00:00', '코막힘', 'COMPLETED'),
(@p + 9, @doc3, 1, '2026-02-03', '10:30:00', '감기', 'COMPLETED'),
(@p,     1, 1, '2026-02-05', '09:30:00', '허리 통증', 'COMPLETED'),
(@p + 1, 2, 1, '2026-02-06', '14:00:00', '피부 발진', 'COMPLETED'),
(@p + 2, 1, 1, '2026-02-09', '10:00:00', '두통', 'COMPLETED'),
(@p + 3, 1, 1, '2026-02-11', '11:00:00', '기침', 'COMPLETED'),
(@p + 4, 2, 1, '2026-02-13', '09:00:00', '정기 검진', 'COMPLETED'),
(@p + 5, @doc3, 1, '2026-02-16', '10:30:00', '복통', 'COMPLETED'),
(@p + 6, 1, 1, '2026-02-18', '09:00:00', '근육통', 'COMPLETED'),
(@p + 7, 2, 1, '2026-02-19', '14:30:00', '알레르기', 'COMPLETED'),
(@p + 8, @doc3, 1, '2026-02-23', '10:00:00', '어지러움', 'COMPLETED'),
(@p + 9, 2, 1, '2026-02-25', '11:00:00', '소화불량', 'COMPLETED'),
(@p,     1, 1, '2026-02-27', '09:30:00', '관절 통증', 'COMPLETED'),
-- ── 2026년 3월 (9건) ──
(@p + 1, 1, 1, '2026-03-02', '10:00:00', '감기', 'COMPLETED'),
(@p + 2, 1, 1, '2026-03-03', '14:00:00', '허리 통증', 'COMPLETED'),
(@p + 3, 2, 1, '2026-03-05', '09:30:00', '코막힘', 'COMPLETED'),
(@p + 4, @doc3, 1, '2026-03-07', '10:30:00', '기침', 'COMPLETED'),
(@p + 5, 1, 1, '2026-03-09', '09:00:00', '피부 가려움', 'COMPLETED'),
(@p + 6, 2, 1, '2026-03-10', '14:00:00', '복통', 'COMPLETED'),
(@p + 7, 1, 1, '2026-03-11', '10:00:00', '정기 검진', 'COMPLETED'),
(@p + 8, 1, 1, '2026-03-13', '11:00:00', '근육통', 'COMPLETED'),
(@p + 9, @doc3, 1, '2026-03-14', '09:30:00', '관절 통증', 'COMPLETED');

SET @first_res = LAST_INSERT_ID();

-- =============================================================
-- 5. 접수 50건 (2025-12 ~ 2026-03-14, 모두 진료완료)
--    날짜별 대기번호 부여 / 환자: 10명 순환
-- =============================================================
INSERT INTO checkin (patient_id, hospital_id, checkin_time, waiting_number, status) VALUES
-- ── 2025년 12월 (16건) ──
(@p,     1, '2025-12-01 14:00:00', 1, 'COMPLETED'),
(@p + 1, 1, '2025-12-02 09:30:00', 1, 'COMPLETED'),
(@p + 2, 1, '2025-12-04 10:00:00', 1, 'COMPLETED'),
(@p + 3, 1, '2025-12-05 11:00:00', 1, 'COMPLETED'),
(@p + 4, 1, '2025-12-08 09:00:00', 1, 'COMPLETED'),
(@p + 5, 1, '2025-12-08 10:30:00', 2, 'COMPLETED'),
(@p + 6, 1, '2025-12-10 14:00:00', 1, 'COMPLETED'),
(@p + 7, 1, '2025-12-13 09:30:00', 1, 'COMPLETED'),
(@p + 8, 1, '2025-12-15 10:00:00', 1, 'COMPLETED'),
(@p + 9, 1, '2025-12-17 11:00:00', 1, 'COMPLETED'),
(@p,     1, '2025-12-19 09:00:00', 1, 'COMPLETED'),
(@p + 1, 1, '2025-12-20 14:30:00', 1, 'COMPLETED'),
(@p + 2, 1, '2025-12-23 10:00:00', 1, 'COMPLETED'),
(@p + 3, 1, '2025-12-23 14:00:00', 2, 'COMPLETED'),
(@p + 4, 1, '2025-12-27 09:30:00', 1, 'COMPLETED'),
(@p + 5, 1, '2025-12-30 10:00:00', 1, 'COMPLETED'),
-- ── 2026년 1월 (12건) ──
(@p + 6, 1, '2026-01-03 09:00:00', 1, 'COMPLETED'),
(@p + 7, 1, '2026-01-06 11:00:00', 1, 'COMPLETED'),
(@p + 8, 1, '2026-01-08 10:30:00', 1, 'COMPLETED'),
(@p + 9, 1, '2026-01-10 09:00:00', 1, 'COMPLETED'),
(@p,     1, '2026-01-13 14:00:00', 1, 'COMPLETED'),
(@p + 1, 1, '2026-01-15 10:00:00', 1, 'COMPLETED'),
(@p + 2, 1, '2026-01-17 09:30:00', 1, 'COMPLETED'),
(@p + 3, 1, '2026-01-20 14:30:00', 1, 'COMPLETED'),
(@p + 4, 1, '2026-01-22 10:00:00', 1, 'COMPLETED'),
(@p + 5, 1, '2026-01-24 09:00:00', 1, 'COMPLETED'),
(@p + 6, 1, '2026-01-28 11:00:00', 1, 'COMPLETED'),
(@p + 7, 1, '2026-01-31 10:30:00', 1, 'COMPLETED'),
-- ── 2026년 2월 (11건) ──
(@p + 8, 1, '2026-02-02 09:00:00', 1, 'COMPLETED'),
(@p + 9, 1, '2026-02-04 10:30:00', 1, 'COMPLETED'),
(@p,     1, '2026-02-06 09:30:00', 1, 'COMPLETED'),
(@p + 1, 1, '2026-02-09 10:00:00', 1, 'COMPLETED'),
(@p + 2, 1, '2026-02-11 14:00:00', 1, 'COMPLETED'),
(@p + 3, 1, '2026-02-13 09:00:00', 1, 'COMPLETED'),
(@p + 4, 1, '2026-02-16 11:00:00', 1, 'COMPLETED'),
(@p + 5, 1, '2026-02-18 10:00:00', 1, 'COMPLETED'),
(@p + 6, 1, '2026-02-21 09:30:00', 1, 'COMPLETED'),
(@p + 7, 1, '2026-02-24 14:00:00', 1, 'COMPLETED'),
(@p + 8, 1, '2026-02-27 10:30:00', 1, 'COMPLETED'),
-- ── 2026년 3월 (11건) ──
(@p + 9, 1, '2026-03-02 09:00:00', 1, 'COMPLETED'),
(@p,     1, '2026-03-03 10:00:00', 1, 'COMPLETED'),
(@p + 1, 1, '2026-03-04 09:30:00', 1, 'COMPLETED'),
(@p + 2, 1, '2026-03-06 14:00:00', 1, 'COMPLETED'),
(@p + 3, 1, '2026-03-06 19:00:00', 2, 'COMPLETED'),
(@p + 4, 1, '2026-03-07 10:30:00', 1, 'COMPLETED'),
(@p + 5, 1, '2026-03-10 09:00:00', 1, 'COMPLETED'),
(@p + 6, 1, '2026-03-11 10:00:00', 1, 'COMPLETED'),
(@p + 7, 1, '2026-03-12 14:30:00', 1, 'COMPLETED'),
(@p + 8, 1, '2026-03-14 09:30:00', 1, 'COMPLETED'),
(@p + 9, 1, '2026-03-14 10:00:00', 1, 'COMPLETED');

SET @first_chk = LAST_INSERT_ID();

-- =============================================================
-- 4-1. 추가 예약 100건 (그래프 통계용, 리뷰 미연결)
--      의사별 분배 유지 / 일요일 제외 / 하루 2~4건
-- =============================================================
INSERT INTO reservation (patient_id, doctor_id, hospital_id, reservation_date, reservation_time, symptoms, status) VALUES
-- 12월 추가 (+23건)
(@p+1, 2, 1, '2025-12-01', '10:30:00', '감기', 'COMPLETED'),
(@p+2, 1, 1, '2025-12-01', '14:00:00', '복통', 'COMPLETED'),
(@p+3, @doc3, 1, '2025-12-02', '09:30:00', '두통', 'COMPLETED'),
(@p+4, 2, 1, '2025-12-03', '14:00:00', '근육통', 'COMPLETED'),
(@p+5, 1, 1, '2025-12-04', '09:00:00', '소화불량', 'COMPLETED'),
(@p+6, 2, 1, '2025-12-04', '14:00:00', '허리 통증', 'COMPLETED'),
(@p+7, 1, 1, '2025-12-05', '10:00:00', '코막힘', 'COMPLETED'),
(@p+8, @doc3, 1, '2025-12-05', '11:00:00', '관절 통증', 'COMPLETED'),
(@p+9, 1, 1, '2025-12-06', '10:00:00', '정기 검진', 'COMPLETED'),
(@p,   2, 1, '2025-12-08', '09:30:00', '피부 발진', 'COMPLETED'),
(@p+1, 1, 1, '2025-12-08', '14:00:00', '어지러움', 'COMPLETED'),
(@p+2, @doc3, 1, '2025-12-09', '14:30:00', '기침', 'COMPLETED'),
(@p+3, 1, 1, '2025-12-10', '09:00:00', '알레르기', 'COMPLETED'),
(@p+4, 2, 1, '2025-12-10', '14:00:00', '목 통증', 'COMPLETED'),
(@p+5, 1, 1, '2025-12-11', '10:00:00', '편두통', 'COMPLETED'),
(@p+6, 2, 1, '2025-12-12', '10:30:00', '요통', 'COMPLETED'),
(@p+7, @doc3, 1, '2025-12-13', '09:30:00', '발목 통증', 'COMPLETED'),
(@p+8, 1, 1, '2025-12-15', '09:30:00', '어깨 통증', 'COMPLETED'),
(@p+9, 2, 1, '2025-12-16', '10:00:00', '눈 충혈', 'COMPLETED'),
(@p,   1, 1, '2025-12-17', '09:00:00', '두통', 'COMPLETED'),
(@p+1, 1, 1, '2025-12-18', '14:00:00', '감기', 'COMPLETED'),
(@p+2, 2, 1, '2025-12-19', '10:30:00', '복통', 'COMPLETED'),
(@p+3, @doc3, 1, '2025-12-20', '10:00:00', '근육통', 'COMPLETED'),
-- 1월 추가 (+29건)
(@p+4, @doc3, 1, '2026-01-02', '10:30:00', '피부 가려움', 'COMPLETED'),
(@p+5, 1, 1, '2026-01-03', '09:00:00', '허리 통증', 'COMPLETED'),
(@p+6, 2, 1, '2026-01-03', '10:00:00', '복통', 'COMPLETED'),
(@p+7, 2, 1, '2026-01-05', '14:00:00', '소화불량', 'COMPLETED'),
(@p+8, @doc3, 1, '2026-01-05', '09:00:00', '관절 통증', 'COMPLETED'),
(@p+9, 2, 1, '2026-01-06', '10:30:00', '근육통', 'COMPLETED'),
(@p,   1, 1, '2026-01-07', '09:00:00', '코막힘', 'COMPLETED'),
(@p+1, @doc3, 1, '2026-01-07', '10:00:00', '알레르기', 'COMPLETED'),
(@p+2, 1, 1, '2026-01-08', '10:00:00', '두통', 'COMPLETED'),
(@p+3, 2, 1, '2026-01-08', '14:30:00', '감기', 'COMPLETED'),
(@p+4, 1, 1, '2026-01-09', '09:00:00', '어지러움', 'COMPLETED'),
(@p+5, 1, 1, '2026-01-10', '09:30:00', '요통', 'COMPLETED'),
(@p+6, @doc3, 1, '2026-01-12', '14:00:00', '목 통증', 'COMPLETED'),
(@p+7, 1, 1, '2026-01-13', '09:30:00', '편두통', 'COMPLETED'),
(@p+8, 2, 1, '2026-01-13', '14:00:00', '어깨 통증', 'COMPLETED'),
(@p+9, 2, 1, '2026-01-14', '09:30:00', '피부 발진', 'COMPLETED'),
(@p,   1, 1, '2026-01-15', '10:00:00', '발목 통증', 'COMPLETED'),
(@p+1, @doc3, 1, '2026-01-15', '14:30:00', '눈 충혈', 'COMPLETED'),
(@p+2, 2, 1, '2026-01-16', '14:00:00', '기침', 'COMPLETED'),
(@p+3, 1, 1, '2026-01-17', '10:00:00', '두통', 'COMPLETED'),
(@p+4, 1, 1, '2026-01-19', '10:00:00', '감기', 'COMPLETED'),
(@p+5, 1, 1, '2026-01-20', '09:00:00', '허리 통증', 'COMPLETED'),
(@p+6, 2, 1, '2026-01-20', '14:00:00', '복통', 'COMPLETED'),
(@p+7, 1, 1, '2026-01-21', '09:30:00', '소화불량', 'COMPLETED'),
(@p+8, 2, 1, '2026-01-22', '10:00:00', '관절 통증', 'COMPLETED'),
(@p+9, 2, 1, '2026-01-23', '14:00:00', '근육통', 'COMPLETED'),
(@p,   1, 1, '2026-01-26', '09:00:00', '코막힘', 'COMPLETED'),
(@p+1, 1, 1, '2026-01-27', '09:00:00', '알레르기', 'COMPLETED'),
(@p+2, @doc3, 1, '2026-01-28', '10:30:00', '정기 검진', 'COMPLETED'),
-- 2월 추가 (+27건)
(@p+3, 1, 1, '2026-02-02', '10:00:00', '피부 가려움', 'COMPLETED'),
(@p+4, @doc3, 1, '2026-02-02', '14:00:00', '어지러움', 'COMPLETED'),
(@p+5, 1, 1, '2026-02-03', '09:00:00', '목 통증', 'COMPLETED'),
(@p+6, 1, 1, '2026-02-04', '10:00:00', '편두통', 'COMPLETED'),
(@p+7, 2, 1, '2026-02-04', '14:30:00', '요통', 'COMPLETED'),
(@p+8, 2, 1, '2026-02-05', '10:00:00', '발목 통증', 'COMPLETED'),
(@p+9, 1, 1, '2026-02-06', '09:00:00', '어깨 통증', 'COMPLETED'),
(@p,   @doc3, 1, '2026-02-06', '10:00:00', '눈 충혈', 'COMPLETED'),
(@p+1, 1, 1, '2026-02-07', '09:30:00', '두통', 'COMPLETED'),
(@p+2, 2, 1, '2026-02-09', '14:00:00', '감기', 'COMPLETED'),
(@p+3, 1, 1, '2026-02-10', '09:30:00', '허리 통증', 'COMPLETED'),
(@p+4, @doc3, 1, '2026-02-10', '14:00:00', '복통', 'COMPLETED'),
(@p+5, 2, 1, '2026-02-11', '09:30:00', '근육통', 'COMPLETED'),
(@p+6, 1, 1, '2026-02-12', '10:00:00', '소화불량', 'COMPLETED'),
(@p+7, 2, 1, '2026-02-12', '14:00:00', '관절 통증', 'COMPLETED'),
(@p+8, @doc3, 1, '2026-02-13', '10:30:00', '코막힘', 'COMPLETED'),
(@p+9, 1, 1, '2026-02-14', '10:00:00', '알레르기', 'COMPLETED'),
(@p,   1, 1, '2026-02-16', '09:00:00', '정기 검진', 'COMPLETED'),
(@p+1, 2, 1, '2026-02-17', '10:00:00', '피부 발진', 'COMPLETED'),
(@p+2, @doc3, 1, '2026-02-17', '14:00:00', '기침', 'COMPLETED'),
(@p+3, 2, 1, '2026-02-18', '14:00:00', '두통', 'COMPLETED'),
(@p+4, 1, 1, '2026-02-19', '10:00:00', '감기', 'COMPLETED'),
(@p+5, 1, 1, '2026-02-20', '09:30:00', '허리 통증', 'COMPLETED'),
(@p+6, 1, 1, '2026-02-23', '09:00:00', '복통', 'COMPLETED'),
(@p+7, 2, 1, '2026-02-24', '10:00:00', '근육통', 'COMPLETED'),
(@p+8, 1, 1, '2026-02-25', '09:30:00', '소화불량', 'COMPLETED'),
(@p+9, @doc3, 1, '2026-02-26', '10:00:00', '관절 통증', 'COMPLETED'),
-- 3월 추가 (+21건)
(@p,   1, 1, '2026-03-02', '09:00:00', '코막힘', 'COMPLETED'),
(@p+1, 2, 1, '2026-03-02', '14:00:00', '알레르기', 'COMPLETED'),
(@p+2, 2, 1, '2026-03-03', '09:30:00', '정기 검진', 'COMPLETED'),
(@p+3, 1, 1, '2026-03-04', '10:00:00', '피부 발진', 'COMPLETED'),
(@p+4, @doc3, 1, '2026-03-04', '14:30:00', '기침', 'COMPLETED'),
(@p+5, 1, 1, '2026-03-05', '10:00:00', '두통', 'COMPLETED'),
(@p+6, @doc3, 1, '2026-03-05', '14:00:00', '감기', 'COMPLETED'),
(@p+7, 1, 1, '2026-03-06', '09:30:00', '허리 통증', 'COMPLETED'),
(@p+8, 2, 1, '2026-03-06', '14:00:00', '복통', 'COMPLETED'),
(@p+9, 1, 1, '2026-03-07', '09:00:00', '근육통', 'COMPLETED'),
(@p,   2, 1, '2026-03-09', '10:30:00', '소화불량', 'COMPLETED'),
(@p+1, @doc3, 1, '2026-03-09', '14:00:00', '관절 통증', 'COMPLETED'),
(@p+2, 1, 1, '2026-03-10', '09:00:00', '코막힘', 'COMPLETED'),
(@p+3, @doc3, 1, '2026-03-10', '10:00:00', '알레르기', 'COMPLETED'),
(@p+4, 2, 1, '2026-03-11', '14:00:00', '피부 가려움', 'COMPLETED'),
(@p+5, @doc3, 1, '2026-03-11', '09:30:00', '어지러움', 'COMPLETED'),
(@p+6, 1, 1, '2026-03-12', '10:00:00', '목 통증', 'COMPLETED'),
(@p+7, 2, 1, '2026-03-12', '14:30:00', '편두통', 'COMPLETED'),
(@p+8, 2, 1, '2026-03-13', '09:30:00', '요통', 'COMPLETED'),
(@p+9, @doc3, 1, '2026-03-13', '14:00:00', '발목 통증', 'COMPLETED'),
(@p,   1, 1, '2026-03-14', '09:00:00', '어깨 통증', 'COMPLETED');

-- =============================================================
-- 5-1. 추가 접수 150건 (그래프 통계용, 리뷰 미연결)
--      하루 1~5건 다양하게 / 일요일 제외
-- =============================================================
INSERT INTO checkin (patient_id, hospital_id, checkin_time, waiting_number, status) VALUES
-- 12월 추가 (+39건)
(@p,   1, '2025-12-01 09:00:00', 1, 'COMPLETED'),
(@p+1, 1, '2025-12-01 10:30:00', 2, 'COMPLETED'),
(@p+2, 1, '2025-12-02 10:00:00', 1, 'COMPLETED'),
(@p+3, 1, '2025-12-02 14:00:00', 2, 'COMPLETED'),
(@p+4, 1, '2025-12-04 10:00:00', 1, 'COMPLETED'),
(@p+5, 1, '2025-12-04 14:30:00', 2, 'COMPLETED'),
(@p+6, 1, '2025-12-05 09:00:00', 1, 'COMPLETED'),
(@p+7, 1, '2025-12-05 11:00:00', 2, 'COMPLETED'),
(@p+8, 1, '2025-12-06 10:00:00', 1, 'COMPLETED'),
(@p+9, 1, '2025-12-09 09:00:00', 1, 'COMPLETED'),
(@p,   1, '2025-12-09 14:00:00', 2, 'COMPLETED'),
(@p+1, 1, '2025-12-10 10:30:00', 1, 'COMPLETED'),
(@p+2, 1, '2025-12-10 15:00:00', 2, 'COMPLETED'),
(@p+3, 1, '2025-12-11 09:00:00', 1, 'COMPLETED'),
(@p+4, 1, '2025-12-11 13:30:00', 2, 'COMPLETED'),
(@p+5, 1, '2025-12-12 14:00:00', 1, 'COMPLETED'),
(@p+6, 1, '2025-12-13 10:00:00', 1, 'COMPLETED'),
(@p+7, 1, '2025-12-15 11:00:00', 1, 'COMPLETED'),
(@p+8, 1, '2025-12-15 14:30:00', 2, 'COMPLETED'),
(@p+9, 1, '2025-12-16 09:30:00', 1, 'COMPLETED'),
(@p,   1, '2025-12-16 13:00:00', 2, 'COMPLETED'),
(@p+1, 1, '2025-12-17 14:00:00', 1, 'COMPLETED'),
(@p+2, 1, '2025-12-18 09:00:00', 1, 'COMPLETED'),
(@p+3, 1, '2025-12-18 10:30:00', 2, 'COMPLETED'),
(@p+4, 1, '2025-12-19 13:30:00', 1, 'COMPLETED'),
(@p+5, 1, '2025-12-20 09:30:00', 1, 'COMPLETED'),
(@p+6, 1, '2025-12-22 09:00:00', 1, 'COMPLETED'),
(@p+7, 1, '2025-12-22 14:00:00', 2, 'COMPLETED'),
(@p+8, 1, '2025-12-23 11:00:00', 1, 'COMPLETED'),
(@p+9, 1, '2025-12-24 10:00:00', 1, 'COMPLETED'),
(@p,   1, '2025-12-24 14:30:00', 2, 'COMPLETED'),
(@p+1, 1, '2025-12-25 09:30:00', 1, 'COMPLETED'),
(@p+2, 1, '2025-12-26 10:00:00', 1, 'COMPLETED'),
(@p+3, 1, '2025-12-26 15:00:00', 2, 'COMPLETED'),
(@p+4, 1, '2025-12-27 10:30:00', 1, 'COMPLETED'),
(@p+5, 1, '2025-12-29 09:00:00', 1, 'COMPLETED'),
(@p+6, 1, '2025-12-30 13:00:00', 1, 'COMPLETED'),
(@p+7, 1, '2025-12-30 15:30:00', 2, 'COMPLETED'),
(@p+8, 1, '2025-12-31 10:00:00', 1, 'COMPLETED'),
-- 1월 추가 (+43건)
(@p+9, 1, '2026-01-02 10:30:00', 1, 'COMPLETED'),
(@p,   1, '2026-01-02 15:00:00', 2, 'COMPLETED'),
(@p+1, 1, '2026-01-03 09:30:00', 1, 'COMPLETED'),
(@p+2, 1, '2026-01-05 09:00:00', 1, 'COMPLETED'),
(@p+3, 1, '2026-01-05 13:30:00', 2, 'COMPLETED'),
(@p+4, 1, '2026-01-06 09:30:00', 1, 'COMPLETED'),
(@p+5, 1, '2026-01-06 14:00:00', 2, 'COMPLETED'),
(@p+6, 1, '2026-01-07 10:00:00', 1, 'COMPLETED'),
(@p+7, 1, '2026-01-07 15:00:00', 2, 'COMPLETED'),
(@p+8, 1, '2026-01-08 09:00:00', 1, 'COMPLETED'),
(@p+9, 1, '2026-01-08 13:00:00', 2, 'COMPLETED'),
(@p,   1, '2026-01-09 10:00:00', 1, 'COMPLETED'),
(@p+1, 1, '2026-01-09 14:30:00', 2, 'COMPLETED'),
(@p+2, 1, '2026-01-10 10:00:00', 1, 'COMPLETED'),
(@p+3, 1, '2026-01-12 10:00:00', 1, 'COMPLETED'),
(@p+4, 1, '2026-01-12 15:00:00', 2, 'COMPLETED'),
(@p+5, 1, '2026-01-13 09:30:00', 1, 'COMPLETED'),
(@p+6, 1, '2026-01-13 13:30:00', 2, 'COMPLETED'),
(@p+7, 1, '2026-01-14 10:00:00', 1, 'COMPLETED'),
(@p+8, 1, '2026-01-14 14:00:00', 2, 'COMPLETED'),
(@p+9, 1, '2026-01-15 09:00:00', 1, 'COMPLETED'),
(@p,   1, '2026-01-15 13:00:00', 2, 'COMPLETED'),
(@p+1, 1, '2026-01-16 14:30:00', 1, 'COMPLETED'),
(@p+2, 1, '2026-01-17 09:00:00', 1, 'COMPLETED'),
(@p+3, 1, '2026-01-19 10:30:00', 1, 'COMPLETED'),
(@p+4, 1, '2026-01-19 14:00:00', 2, 'COMPLETED'),
(@p+5, 1, '2026-01-20 09:00:00', 1, 'COMPLETED'),
(@p+6, 1, '2026-01-20 13:30:00', 2, 'COMPLETED'),
(@p+7, 1, '2026-01-21 10:00:00', 1, 'COMPLETED'),
(@p+8, 1, '2026-01-21 15:00:00', 2, 'COMPLETED'),
(@p+9, 1, '2026-01-22 09:30:00', 1, 'COMPLETED'),
(@p,   1, '2026-01-22 14:00:00', 2, 'COMPLETED'),
(@p+1, 1, '2026-01-23 13:00:00', 1, 'COMPLETED'),
(@p+2, 1, '2026-01-24 10:00:00', 1, 'COMPLETED'),
(@p+3, 1, '2026-01-26 09:00:00', 1, 'COMPLETED'),
(@p+4, 1, '2026-01-26 14:00:00', 2, 'COMPLETED'),
(@p+5, 1, '2026-01-27 10:00:00', 1, 'COMPLETED'),
(@p+6, 1, '2026-01-27 13:30:00', 2, 'COMPLETED'),
(@p+7, 1, '2026-01-28 09:30:00', 1, 'COMPLETED'),
(@p+8, 1, '2026-01-29 14:00:00', 1, 'COMPLETED'),
(@p+9, 1, '2026-01-30 09:00:00', 1, 'COMPLETED'),
(@p,   1, '2026-01-30 13:00:00', 2, 'COMPLETED'),
(@p+1, 1, '2026-01-31 10:00:00', 1, 'COMPLETED'),
-- 2월 추가 (+39건)
(@p+2, 1, '2026-02-02 10:30:00', 1, 'COMPLETED'),
(@p+3, 1, '2026-02-02 14:00:00', 2, 'COMPLETED'),
(@p+4, 1, '2026-02-03 09:00:00', 1, 'COMPLETED'),
(@p+5, 1, '2026-02-04 10:00:00', 1, 'COMPLETED'),
(@p+6, 1, '2026-02-04 14:30:00', 2, 'COMPLETED'),
(@p+7, 1, '2026-02-05 09:30:00', 1, 'COMPLETED'),
(@p+8, 1, '2026-02-05 13:00:00', 2, 'COMPLETED'),
(@p+9, 1, '2026-02-06 10:00:00', 1, 'COMPLETED'),
(@p,   1, '2026-02-06 15:00:00', 2, 'COMPLETED'),
(@p+1, 1, '2026-02-07 09:30:00', 1, 'COMPLETED'),
(@p+2, 1, '2026-02-09 09:00:00', 1, 'COMPLETED'),
(@p+3, 1, '2026-02-09 13:30:00', 2, 'COMPLETED'),
(@p+4, 1, '2026-02-10 10:00:00', 1, 'COMPLETED'),
(@p+5, 1, '2026-02-10 14:00:00', 2, 'COMPLETED'),
(@p+6, 1, '2026-02-11 09:30:00', 1, 'COMPLETED'),
(@p+7, 1, '2026-02-12 10:00:00', 1, 'COMPLETED'),
(@p+8, 1, '2026-02-12 14:30:00', 2, 'COMPLETED'),
(@p+9, 1, '2026-02-13 10:30:00', 1, 'COMPLETED'),
(@p,   1, '2026-02-13 14:00:00', 2, 'COMPLETED'),
(@p+1, 1, '2026-02-14 10:00:00', 1, 'COMPLETED'),
(@p+2, 1, '2026-02-16 09:30:00', 1, 'COMPLETED'),
(@p+3, 1, '2026-02-16 14:00:00', 2, 'COMPLETED'),
(@p+4, 1, '2026-02-17 09:00:00', 1, 'COMPLETED'),
(@p+5, 1, '2026-02-17 13:30:00', 2, 'COMPLETED'),
(@p+6, 1, '2026-02-18 14:00:00', 1, 'COMPLETED'),
(@p+7, 1, '2026-02-19 09:30:00', 1, 'COMPLETED'),
(@p+8, 1, '2026-02-19 13:00:00', 2, 'COMPLETED'),
(@p+9, 1, '2026-02-20 10:00:00', 1, 'COMPLETED'),
(@p,   1, '2026-02-20 15:00:00', 2, 'COMPLETED'),
(@p+1, 1, '2026-02-21 09:00:00', 1, 'COMPLETED'),
(@p+2, 1, '2026-02-23 09:30:00', 1, 'COMPLETED'),
(@p+3, 1, '2026-02-23 14:00:00', 2, 'COMPLETED'),
(@p+4, 1, '2026-02-24 10:30:00', 1, 'COMPLETED'),
(@p+5, 1, '2026-02-25 09:00:00', 1, 'COMPLETED'),
(@p+6, 1, '2026-02-25 13:30:00', 2, 'COMPLETED'),
(@p+7, 1, '2026-02-26 10:00:00', 1, 'COMPLETED'),
(@p+8, 1, '2026-02-26 14:00:00', 2, 'COMPLETED'),
(@p+9, 1, '2026-02-27 09:00:00', 1, 'COMPLETED'),
(@p,   1, '2026-02-28 10:00:00', 1, 'COMPLETED'),
-- 3월 추가 (+29건)
(@p+1, 1, '2026-03-02 09:30:00', 1, 'COMPLETED'),
(@p+2, 1, '2026-03-02 13:00:00', 2, 'COMPLETED'),
(@p+3, 1, '2026-03-02 15:00:00', 3, 'COMPLETED'),
(@p+4, 1, '2026-03-03 09:00:00', 1, 'COMPLETED'),
(@p+5, 1, '2026-03-03 14:00:00', 2, 'COMPLETED'),
(@p+6, 1, '2026-03-04 09:30:00', 1, 'COMPLETED'),
(@p+7, 1, '2026-03-04 13:00:00', 2, 'COMPLETED'),
(@p+8, 1, '2026-03-04 15:30:00', 3, 'COMPLETED'),
(@p+9, 1, '2026-03-05 10:00:00', 1, 'COMPLETED'),
(@p,   1, '2026-03-05 14:30:00', 2, 'COMPLETED'),
(@p+1, 1, '2026-03-05 16:00:00', 3, 'COMPLETED'),
(@p+2, 1, '2026-03-06 09:00:00', 1, 'COMPLETED'),
(@p+3, 1, '2026-03-06 13:30:00', 2, 'COMPLETED'),
(@p+4, 1, '2026-03-07 09:00:00', 1, 'COMPLETED'),
(@p+5, 1, '2026-03-09 09:00:00', 1, 'COMPLETED'),
(@p+6, 1, '2026-03-09 13:00:00', 2, 'COMPLETED'),
(@p+7, 1, '2026-03-09 15:30:00', 3, 'COMPLETED'),
(@p+8, 1, '2026-03-10 09:30:00', 1, 'COMPLETED'),
(@p+9, 1, '2026-03-10 13:30:00', 2, 'COMPLETED'),
(@p,   1, '2026-03-10 16:00:00', 3, 'COMPLETED'),
(@p+1, 1, '2026-03-11 09:30:00', 1, 'COMPLETED'),
(@p+2, 1, '2026-03-11 14:00:00', 2, 'COMPLETED'),
(@p+3, 1, '2026-03-12 09:00:00', 1, 'COMPLETED'),
(@p+4, 1, '2026-03-12 13:00:00', 2, 'COMPLETED'),
(@p+5, 1, '2026-03-12 15:00:00', 3, 'COMPLETED'),
(@p+6, 1, '2026-03-13 10:00:00', 1, 'COMPLETED'),
(@p+7, 1, '2026-03-13 14:30:00', 2, 'COMPLETED'),
(@p+8, 1, '2026-03-14 09:00:00', 1, 'COMPLETED'),
(@p+9, 1, '2026-03-14 11:00:00', 2, 'COMPLETED');

-- =============================================================
-- 6. 리뷰 100건 (예약 50건 + 접수 50건)
--    환자 0~9 순환 → 페이지(10개씩)마다 10명 다른 이름
--    별점: 5점 56개 + 4점 19개 + 3점 13개 + 2점 7개 + 1점 5개 = 평균 4.14
-- =============================================================

-- 예약 경로 리뷰 50건 (reservation 0~49, 환자 0~9 순환)
-- 별점 분포: 5점 28개, 4점 10개, 3점 8개, 2점 3개, 1점 1개 (평균 4.22)
INSERT INTO review (hospital_id, patient_id, reservation_id, contents, status, report_count, rating, created_time, updated_time) VALUES
-- ── 그룹1: 리뷰 1~10 (res 0~9) ──
(1,@p,  @first_res,  '친절하고 대기시간이 짧아서 좋았습니다.','NORMAL',0,5,'2025-12-01 18:00:00','2025-12-01 18:00:00'),
(1,@p+1,@first_res+1,'의사 선생님이 꼼꼼하게 설명해주셨어요.','NORMAL',0,4,'2025-12-02 18:00:00','2025-12-02 18:00:00'),
(1,@p+2,@first_res+2,'시설이 깨끗하고 쾌적합니다.','NORMAL',0,5,'2025-12-03 18:00:00','2025-12-03 18:00:00'),
(1,@p+3,@first_res+3,'진료는 괜찮았는데 대기가 좀 길었어요.','NORMAL',0,3,'2025-12-04 18:00:00','2025-12-04 18:00:00'),
(1,@p+4,@first_res+4,'주차가 편하고 위치가 좋습니다.','NORMAL',0,5,'2025-12-05 18:00:00','2025-12-05 18:00:00'),
(1,@p+5,@first_res+5,'예약 후 바로 진료받아서 만족합니다.','NORMAL',0,5,'2025-12-08 18:00:00','2025-12-08 18:00:00'),
(1,@p+6,@first_res+6,'직원분들이 매우 친절했어요.','NORMAL',0,4,'2025-12-09 18:00:00','2025-12-09 18:00:00'),
(1,@p+7,@first_res+7,'처방 설명이 자세해서 좋았습니다.','NORMAL',0,5,'2025-12-10 18:00:00','2025-12-10 18:00:00'),
(1,@p+8,@first_res+8,'대기 시간이 길어서 좀 불편했습니다.','NORMAL',0,2,'2025-12-12 18:00:00','2025-12-12 18:00:00'),
(1,@p+9,@first_res+9,'정확한 진단에 감사드립니다.','NORMAL',0,5,'2025-12-15 18:00:00','2025-12-15 18:00:00'),
-- ── 그룹2: 리뷰 11~20 (res 10~19) ──
(1,@p,  @first_res+10,'가족 모두 이 병원 다니고 있어요.','NORMAL',0,5,'2025-12-17 18:00:00','2025-12-17 18:00:00'),
(1,@p+1,@first_res+11,'시설은 깨끗한데 주차가 좀 불편합니다.','NORMAL',0,3,'2025-12-19 18:00:00','2025-12-19 18:00:00'),
(1,@p+2,@first_res+12,'깔끔한 시설에 전문적인 진료!','NORMAL',0,5,'2025-12-22 18:00:00','2025-12-22 18:00:00'),
(1,@p+3,@first_res+13,'대기 없이 빠르게 진료받았어요.','NORMAL',0,5,'2025-12-26 18:00:00','2025-12-26 18:00:00'),
(1,@p+4,@first_res+14,'새해에도 계속 다닐 병원입니다.','NORMAL',0,4,'2026-01-02 18:00:00','2026-01-02 18:00:00'),
(1,@p+5,@first_res+15,'선생님이 환자 말을 잘 들어주세요.','NORMAL',0,5,'2026-01-05 18:00:00','2026-01-05 18:00:00'),
(1,@p+6,@first_res+16,'접수부터 진료까지 체계적이에요.','NORMAL',0,5,'2026-01-05 19:00:00','2026-01-05 19:00:00'),
(1,@p+7,@first_res+17,'비급여 항목도 합리적인 가격이에요.','NORMAL',0,4,'2026-01-07 18:00:00','2026-01-07 18:00:00'),
(1,@p+8,@first_res+18,'진료는 좋은데 접수 과정이 복잡해요.','NORMAL',0,3,'2026-01-09 18:00:00','2026-01-09 18:00:00'),
(1,@p+9,@first_res+19,'아이도 무서워하지 않고 잘 다녀왔어요.','NORMAL',0,5,'2026-01-12 18:00:00','2026-01-12 18:00:00'),
-- ── 그룹3: 리뷰 21~30 (res 20~29) ──
(1,@p,  @first_res+20,'응급 상황에도 빠르게 대처해주셨어요.','NORMAL',0,5,'2026-01-12 19:00:00','2026-01-12 19:00:00'),
(1,@p+1,@first_res+21,'약 처방도 잘 맞아서 금방 나았어요.','NORMAL',0,5,'2026-01-14 18:00:00','2026-01-14 18:00:00'),
(1,@p+2,@first_res+22,'친절한 간호사분들 덕분에 편했어요.','NORMAL',0,4,'2026-01-16 18:00:00','2026-01-16 18:00:00'),
(1,@p+3,@first_res+23,'보통이에요. 크게 불만은 없습니다.','NORMAL',0,3,'2026-01-19 18:00:00','2026-01-19 18:00:00'),
(1,@p+4,@first_res+24,'정기검진 결과 설명이 상세해요.','NORMAL',0,5,'2026-01-21 18:00:00','2026-01-21 18:00:00'),
(1,@p+5,@first_res+25,'진료 예약이 간편해서 좋아요.','NORMAL',0,4,'2026-01-23 18:00:00','2026-01-23 18:00:00'),
(1,@p+6,@first_res+26,'오래 기다리지 않아도 돼서 좋습니다.','NORMAL',0,5,'2026-01-27 18:00:00','2026-01-27 18:00:00'),
(1,@p+7,@first_res+27,'선생님 실력이 정말 좋으세요.','NORMAL',0,5,'2026-01-30 18:00:00','2026-01-30 18:00:00'),
(1,@p+8,@first_res+28,'주차 공간이 부족하고 시설이 좀 낡았어요.','NORMAL',0,2,'2026-02-02 18:00:00','2026-02-02 18:00:00'),
(1,@p+9,@first_res+29,'따뜻하게 맞아주셔서 감사해요.','NORMAL',0,5,'2026-02-04 18:00:00','2026-02-04 18:00:00'),
-- ── 그룹4: 리뷰 31~40 (res 30~39) ──
(1,@p,  @first_res+30,'검사 결과를 빨리 알려주셨어요.','NORMAL',0,5,'2026-02-06 18:00:00','2026-02-06 18:00:00'),
(1,@p+1,@first_res+31,'원내 약국이 있어서 편합니다.','NORMAL',0,4,'2026-02-06 19:00:00','2026-02-06 19:00:00'),
(1,@p+2,@first_res+32,'진료는 괜찮은데 약값이 좀 비쌌어요.','NORMAL',0,3,'2026-02-10 18:00:00','2026-02-10 18:00:00'),
(1,@p+3,@first_res+33,'치료 경과가 매우 좋습니다.','NORMAL',0,5,'2026-02-12 18:00:00','2026-02-12 18:00:00'),
(1,@p+4,@first_res+34,'엘리베이터가 있어서 접근성이 좋아요.','NORMAL',0,5,'2026-02-14 18:00:00','2026-02-14 18:00:00'),
(1,@p+5,@first_res+35,'물리치료 시설은 좋은데 대기가 있어요.','NORMAL',0,3,'2026-02-17 18:00:00','2026-02-17 18:00:00'),
(1,@p+6,@first_res+36,'진료실이 넓고 쾌적합니다.','NORMAL',0,4,'2026-02-19 18:00:00','2026-02-19 18:00:00'),
(1,@p+7,@first_res+37,'야간 진료가 가능해서 좋습니다.','NORMAL',0,5,'2026-02-19 19:00:00','2026-02-19 19:00:00'),
(1,@p+8,@first_res+38,'증상이 호전되어 감사합니다.','NORMAL',0,5,'2026-02-23 18:00:00','2026-02-23 18:00:00'),
(1,@p+9,@first_res+39,'설명이 부족해서 아쉬웠습니다.','NORMAL',0,2,'2026-02-26 18:00:00','2026-02-26 18:00:00'),
-- ── 그룹5: 리뷰 41~50 (res 40~49) ──
(1,@p,  @first_res+40,'봄철 알레르기 진료 잘 받았습니다.','NORMAL',0,5,'2026-03-02 18:00:00','2026-03-02 18:00:00'),
(1,@p+1,@first_res+41,'감기가 빨리 나았어요. 감사합니다.','NORMAL',0,4,'2026-03-03 18:00:00','2026-03-03 18:00:00'),
(1,@p+2,@first_res+42,'진료비가 합리적이에요.','NORMAL',0,5,'2026-03-03 19:00:00','2026-03-03 19:00:00'),
(1,@p+3,@first_res+43,'전반적으로 무난합니다.','NORMAL',0,3,'2026-03-05 18:00:00','2026-03-05 18:00:00'),
(1,@p+4,@first_res+44,'온 가족 건강 주치의 병원이에요.','NORMAL',0,5,'2026-03-07 18:00:00','2026-03-07 18:00:00'),
(1,@p+5,@first_res+45,'대기시간이 너무 길고 진료가 성의 없었습니다.','NORMAL',0,1,'2026-03-09 18:00:00','2026-03-09 18:00:00'),
(1,@p+6,@first_res+46,'매번 올 때마다 만족합니다.','NORMAL',0,5,'2026-03-09 19:00:00','2026-03-09 19:00:00'),
(1,@p+7,@first_res+47,'건강검진 패키지가 알차요.','NORMAL',0,4,'2026-03-11 18:00:00','2026-03-11 18:00:00'),
(1,@p+8,@first_res+48,'의료진 모두 프로페셔널합니다.','NORMAL',0,5,'2026-03-13 18:00:00','2026-03-13 18:00:00'),
(1,@p+9,@first_res+49,'나쁘지 않은데 특별히 좋지도 않았어요.','NORMAL',0,3,'2026-03-14 18:00:00','2026-03-14 18:00:00');

-- 접수 경로 리뷰 50건 (checkin 0~49, 환자 0~9 순환)
-- 별점 분포: 5점 28개, 4점 9개, 3점 5개, 2점 4개, 1점 4개 (평균 4.06)
INSERT INTO review (hospital_id, patient_id, checkin_id, contents, status, report_count, rating, created_time, updated_time) VALUES
-- ── 그룹6: 리뷰 51~60 (chk 0~9) ──
(1,@p,  @first_chk,  '접수가 빠르고 간편했어요.','NORMAL',0,4,'2025-12-01 19:00:00','2025-12-01 19:00:00'),
(1,@p+1,@first_chk+1,'대기시간 없이 바로 진료받았습니다.','NORMAL',0,5,'2025-12-04 18:00:00','2025-12-04 18:00:00'),
(1,@p+2,@first_chk+2,'보통 수준의 병원이에요.','NORMAL',0,3,'2025-12-06 18:00:00','2025-12-06 18:00:00'),
(1,@p+3,@first_chk+3,'직원분들이 안내를 잘 해주셨어요.','NORMAL',0,5,'2025-12-07 18:00:00','2025-12-07 18:00:00'),
(1,@p+4,@first_chk+4,'진료가 꼼꼼하고 정확합니다.','NORMAL',0,5,'2025-12-10 18:00:00','2025-12-10 18:00:00'),
(1,@p+5,@first_chk+5,'약을 처방받았는데 효과가 별로 없었어요.','NORMAL',0,2,'2025-12-10 19:00:00','2025-12-10 19:00:00'),
(1,@p+6,@first_chk+6,'분위기가 편안해서 좋습니다.','NORMAL',0,5,'2025-12-13 18:00:00','2025-12-13 18:00:00'),
(1,@p+7,@first_chk+7,'선생님이 유머러스해서 긴장이 풀렸어요.','NORMAL',0,4,'2025-12-16 18:00:00','2025-12-16 18:00:00'),
(1,@p+8,@first_chk+8,'검사 장비가 최신이라 신뢰가 갑니다.','NORMAL',0,5,'2025-12-18 18:00:00','2025-12-18 18:00:00'),
(1,@p+9,@first_chk+9,'퇴원 후 관리 안내도 잘 해주셨어요.','NORMAL',0,5,'2025-12-20 18:00:00','2025-12-20 18:00:00'),
-- ── 그룹7: 리뷰 61~70 (chk 10~19) ──
(1,@p,  @first_chk+10,'만성질환 관리를 체계적으로 해주세요.','NORMAL',0,5,'2025-12-23 18:00:00','2025-12-23 18:00:00'),
(1,@p+1,@first_chk+11,'가격은 괜찮은데 서비스가 보통이에요.','NORMAL',0,3,'2025-12-23 19:00:00','2025-12-23 19:00:00'),
(1,@p+2,@first_chk+12,'동네에서 가장 좋은 병원이에요.','NORMAL',0,5,'2025-12-27 18:00:00','2025-12-27 18:00:00'),
(1,@p+3,@first_chk+13,'연말에도 진료해줘서 감사합니다.','NORMAL',0,5,'2025-12-30 18:00:00','2025-12-30 18:00:00'),
(1,@p+4,@first_chk+14,'새해 첫 진료도 이 병원에서!','NORMAL',0,4,'2026-01-03 18:00:00','2026-01-03 18:00:00'),
(1,@p+5,@first_chk+15,'감기 치료 잘 받았습니다.','NORMAL',0,5,'2026-01-06 18:00:00','2026-01-06 18:00:00'),
(1,@p+6,@first_chk+16,'예약했는데도 1시간 넘게 기다렸어요. 실망입니다.','NORMAL',0,1,'2026-01-08 18:00:00','2026-01-08 18:00:00'),
(1,@p+7,@first_chk+17,'소아과 선생님도 친절하세요.','NORMAL',0,5,'2026-01-08 19:00:00','2026-01-08 19:00:00'),
(1,@p+8,@first_chk+18,'진료 대기 중 편의시설이 좋아요.','NORMAL',0,4,'2026-01-10 18:00:00','2026-01-10 18:00:00'),
(1,@p+9,@first_chk+19,'피부과 진료도 만족합니다.','NORMAL',0,5,'2026-01-13 18:00:00','2026-01-13 18:00:00'),
-- ── 그룹8: 리뷰 71~80 (chk 20~29) ──
(1,@p,  @first_chk+20,'건강상담이 도움이 많이 됐어요.','NORMAL',0,5,'2026-01-15 18:00:00','2026-01-15 18:00:00'),
(1,@p+1,@first_chk+21,'재방문 의사 100%입니다.','NORMAL',0,5,'2026-01-17 18:00:00','2026-01-17 18:00:00'),
(1,@p+2,@first_chk+22,'혈액검사는 빠른데 결과 설명이 부족했어요.','NORMAL',0,3,'2026-01-20 18:00:00','2026-01-20 18:00:00'),
(1,@p+3,@first_chk+23,'환자를 존중하는 느낌이 좋습니다.','NORMAL',0,5,'2026-01-20 19:00:00','2026-01-20 19:00:00'),
(1,@p+4,@first_chk+24,'통증이 많이 줄었어요. 감사합니다.','NORMAL',0,4,'2026-01-22 18:00:00','2026-01-22 18:00:00'),
(1,@p+5,@first_chk+25,'전화 상담도 친절하게 해주세요.','NORMAL',0,5,'2026-01-24 18:00:00','2026-01-24 18:00:00'),
(1,@p+6,@first_chk+26,'예약 시스템이 불편하고 전화 연결이 잘 안 돼요.','NORMAL',0,2,'2026-01-28 18:00:00','2026-01-28 18:00:00'),
(1,@p+7,@first_chk+27,'물리치료실 시설이 좋습니다.','NORMAL',0,5,'2026-01-31 18:00:00','2026-01-31 18:00:00'),
(1,@p+8,@first_chk+28,'소아 진료에 특화된 느낌이에요.','NORMAL',0,5,'2026-02-01 18:00:00','2026-02-01 18:00:00'),
(1,@p+9,@first_chk+29,'의사 선생님이 말을 끊고 제대로 안 들어주셨어요.','NORMAL',0,1,'2026-02-03 18:00:00','2026-02-03 18:00:00'),
-- ── 그룹9: 리뷰 81~90 (chk 30~39) ──
(1,@p,  @first_chk+30,'인터넷 접수가 편리합니다.','NORMAL',0,5,'2026-02-05 18:00:00','2026-02-05 18:00:00'),
(1,@p+1,@first_chk+31,'내시경 검사도 편하게 받았어요.','NORMAL',0,4,'2026-02-08 18:00:00','2026-02-08 18:00:00'),
(1,@p+2,@first_chk+32,'X-ray 결과를 바로 확인할 수 있어요.','NORMAL',0,5,'2026-02-08 19:00:00','2026-02-08 19:00:00'),
(1,@p+3,@first_chk+33,'의사 선생님은 좋은데 간호사가 좀 불친절해요.','NORMAL',0,3,'2026-02-11 18:00:00','2026-02-11 18:00:00'),
(1,@p+4,@first_chk+34,'치료 계획을 상세히 세워주셨어요.','NORMAL',0,5,'2026-02-13 18:00:00','2026-02-13 18:00:00'),
(1,@p+5,@first_chk+35,'대기실이 넓고 깨끗합니다.','NORMAL',0,5,'2026-02-16 18:00:00','2026-02-16 18:00:00'),
(1,@p+6,@first_chk+36,'수납 과정이 빠르고 정확해요.','NORMAL',0,4,'2026-02-18 18:00:00','2026-02-18 18:00:00'),
(1,@p+7,@first_chk+37,'진료비가 다른 곳보다 비싼 편이에요.','NORMAL',0,2,'2026-02-21 18:00:00','2026-02-21 18:00:00'),
(1,@p+8,@first_chk+38,'주변 지인에게 적극 추천합니다.','NORMAL',0,5,'2026-02-24 18:00:00','2026-02-24 18:00:00'),
(1,@p+9,@first_chk+39,'접수 직원이 불친절하고 설명이 부족했습니다.','NORMAL',0,1,'2026-02-27 18:00:00','2026-02-27 18:00:00'),
-- ── 그룹10: 리뷰 91~100 (chk 40~49) ──
(1,@p,  @first_chk+40,'봄 건강검진 잘 받았습니다.','NORMAL',0,5,'2026-03-02 18:00:00','2026-03-02 18:00:00'),
(1,@p+1,@first_chk+41,'치료는 되는데 친절함이 좀 부족합니다.','NORMAL',0,3,'2026-03-04 18:00:00','2026-03-04 18:00:00'),
(1,@p+2,@first_chk+42,'어린이 환자도 잘 봐주세요.','NORMAL',0,5,'2026-03-06 18:00:00','2026-03-06 18:00:00'),
(1,@p+3,@first_chk+43,'통원 치료가 편리합니다.','NORMAL',0,4,'2026-03-06 19:00:00','2026-03-06 19:00:00'),
(1,@p+4,@first_chk+44,'최신 치료 장비가 갖춰져 있어요.','NORMAL',0,5,'2026-03-07 18:00:00','2026-03-07 18:00:00'),
(1,@p+5,@first_chk+45,'재방문했는데 이전 기록 확인을 안 해주셨어요.','NORMAL',0,2,'2026-03-10 18:00:00','2026-03-10 18:00:00'),
(1,@p+6,@first_chk+46,'친절한 응대에 항상 감사합니다.','NORMAL',0,5,'2026-03-12 18:00:00','2026-03-12 18:00:00'),
(1,@p+7,@first_chk+47,'야간 응급 진료도 가능해서 든든해요.','NORMAL',0,5,'2026-03-12 19:00:00','2026-03-12 19:00:00'),
(1,@p+8,@first_chk+48,'진료 시간이 너무 짧고 대충 보는 느낌이었어요.','NORMAL',0,1,'2026-03-14 18:00:00','2026-03-14 18:00:00'),
(1,@p+9,@first_chk+49,'앞으로도 계속 다닐 병원입니다!','NORMAL',0,4,'2026-03-14 19:00:00','2026-03-14 19:00:00');
